Unique ID,Plot,Plot size (m),Team,Writer,DBH measurer,Height measurer,X coordinate,Y coordinate,Forest type,Plot tree ID,Notes,Circumference at breast height (m),Height (m),Diameter at breast height (cm),Above ground biomass (kg),Below ground biomass (kg),Total biomass (kg),Total dry weight (kg),Total carbon (kg),Total CO2 (kg)
1,1,20x20,"Thijme, Joshua, Stanley",Joshua,Thijme,Stanley,37.800.770,26.827.464,Coniferous,1,,1.15,11.4,36.605636911135925,357.9851772876063,71.59703545752126,429.58221274512755,311.44710424021747,155.72355212010874,571.505436280799
2,1,20x20,"Thijme, Joshua, Stanley",Joshua,Thijme,Stanley,37.800.770,26.827.464,Coniferous,2,,1.76,14.95,56.02253996834716,1070.3708100164718,214.07416200329436,1284.444972019766,931.2226047143304,465.6113023571652,1708.7934796507961
3,1,20x20,"Thijme, Joshua, Stanley",Joshua,Thijme,Stanley,37.800.770,26.827.464,Coniferous,3,,1.73,11.0,55.06761030979579,767.2006805256526,153.44013610513053,920.6408166307831,667.4645920573178,333.7322960286589,1224.7975264251781
4,1,20x20,"Thijme, Joshua, Stanley",Joshua,Thijme,Stanley,37.800.770,26.827.464,Coniferous,4,,0.69,16.28,21.963382146681557,187.0044087495575,37.400881749911505,224.405290499469,162.693835612115,81.3469178060575,298.543188348231
5,1,20x20,"Thijme, Joshua, Stanley",Joshua,Thijme,Stanley,37.800.770,26.827.464,Coniferous,5,,0.77,7.61,24.509861236151885,110.28210470665836,22.056420941331673,132.33852564799002,95.94543109479277,47.97271554739638,176.05986605894472
6,1,20x20,"Thijme, Joshua, Stanley",Joshua,Thijme,Stanley,37.800.770,26.827.464,Coniferous,6,,1.99,15.52,63.34366735057435,1410.9617684759473,282.19235369518947,1693.1541221711368,1227.5367385740742,613.7683692870371,2252.529915283426
7,1,20x20,"Thijme, Joshua, Stanley",Joshua,Thijme,Stanley,37.800.770,26.827.464,Coniferous,7,,1.36,14.57,43.29014452099554,631.0273706103033,126.20547412206065,757.2328447323639,548.9938124309638,274.4969062154819,1007.4036458108185
8,1,20x20,"Thijme, Joshua, Stanley",Joshua,Thijme,Stanley,37.800.770,26.827.464,Coniferous,8,,1.21,16.1,38.515496228238675,553.7360816637944,110.74721633275888,664.4832979965532,481.75039104750107,240.87519552375053,884.0119675721644
9,1,20x20,"Thijme, Joshua, Stanley",Joshua,Thijme,Stanley,37.800.770,26.827.464,Coniferous,9,,2.0,16.57,63.66197723675814,1518.8435636226495,303.7687127245299,1822.6122763471794,1321.393900351705,660.6969501758525,2424.7578071453786
10,1,20x20,"Thijme, Joshua, Stanley",Joshua,Thijme,Stanley,37.800.770,26.827.464,Coniferous,10,,1.94,16.57,61.75211791965539,1431.1708119241123,286.23416238482247,1717.4049743089347,1245.1186063739776,622.5593031869888,2284.792642696249
11,1,20x20,"Thijme, Joshua, Stanley",Joshua,Thijme,Stanley,37.800.770,26.827.464,Coniferous,11,,2.1,16.57,66.84507609859605,1670.6080005320748,334.121600106415,2004.7296006384897,1453.428960462905,726.7144802314525,2667.0421424494307
12,1,20x20,"Thijme, Joshua, Stanley",Joshua,Thijme,Stanley,37.800.770,26.827.464,Coniferous,12,Very low,0.83,5.04,26.419720553254628,85.39970397172677,17.079940794345355,102.47964476607211,74.29774245540229,37.14887122770114,136.3363574056632
13,1,20x20,"Thijme, Joshua, Stanley",Joshua,Thijme,Stanley,37.800.770,26.827.464,Coniferous,13,,1.15,7.76,36.605636911135925,245.94100857206786,49.18820171441357,295.12921028648145,213.96867745769904,106.98433872884952,392.6325231348777
14,2,20x20,"Thijme, Joshua, Stanley",Stanley,Joshua,Thijme,37.799.982,26.829.932,Coniferous,1,,1.62,17.11,51.56620156177409,1038.6495638401914,207.72991276803828,1246.3794766082297,903.6251205409665,451.81256027048323,1658.1520961926735
15,2,20x20,"Thijme, Joshua, Stanley",Stanley,Joshua,Thijme,37.799.982,26.829.932,Coniferous,2,,0.82,9.8,26.101410667070834,159.60445704344772,31.920891408689545,191.52534845213728,138.85587762779952,69.42793881389976,254.8005354470121
16,2,20x20,"Thijme, Joshua, Stanley",Stanley,Joshua,Thijme,37.799.982,26.829.932,Coniferous,3,,1.08,12.77,34.3774677078494,353.7766879899577,70.75533759799154,424.5320255879492,307.78571855126313,153.89285927563157,564.7867935415678
17,2,20x20,"Thijme, Joshua, Stanley",Stanley,Joshua,Thijme,37.799.982,26.829.932,Coniferous,4,,1.02,10.53,32.46760839074665,262.1327906045194,52.426558120903884,314.5593487254233,228.0555278259319,114.02776391296595,418.48189356058504
18,2,20x20,"Thijme, Joshua, Stanley",Stanley,Joshua,Thijme,37.799.982,26.829.932,Coniferous,5,,0.7,10.96,22.281692032865347,130.7164366233434,26.143287324668684,156.8597239480121,113.72329986230876,56.86164993115438,208.68225524733657
19,2,20x20,"Thijme, Joshua, Stanley",Stanley,Joshua,Thijme,37.799.982,26.829.932,Coniferous,6,,0.86,12.93,27.374650211806,229.56457037543788,45.91291407508758,275.4774844505255,199.72117622663097,99.86058811331549,366.48835837586785
20,2,20x20,"Thijme, Joshua, Stanley",Stanley,Joshua,Thijme,37.799.982,26.829.932,Coniferous,7,,1.33,20.12,42.33521486244417,827.8335694633923,165.56671389267848,993.4002833560708,720.2152054331513,360.1076027165756,1321.5949019698326
21,2,20x20,"Thijme, Joshua, Stanley",Stanley,Joshua,Thijme,37.799.982,26.829.932,Coniferous,8,Dead,0.73,6.15,23.23662169141672,80.72202745469934,16.14440549093987,96.86643294563922,70.22816388558843,35.114081942794215,128.86868073005476
22,2,20x20,"Thijme, Joshua, Stanley",Stanley,Joshua,Thijme,37.799.982,26.829.932,Coniferous,9,,1.23,19.05,39.15211600060625,673.7767231270434,134.7553446254087,808.5320677524521,586.1857491205278,293.0928745602639,1075.6508496361685
23,2,20x20,"Thijme, Joshua, Stanley",Stanley,Joshua,Thijme,37.799.982,26.829.932,Coniferous,10,,1.32,18.7,42.01690497626037,759.488928107712,151.8977856215424,911.3867137292544,660.7553674537095,330.37768372685474,1212.4860992775568
24,2,20x20,"Thijme, Joshua, Stanley",Stanley,Joshua,Thijme,37.799.982,26.829.932,Coniferous,11,,0.86,14.83,27.374650211806,262.43301239064135,52.486602478128276,314.9196148687696,228.31672077985795,114.15836038992897,418.9611826310393
25,2,20x20,"Thijme, Joshua, Stanley",Stanley,Joshua,Thijme,37.799.982,26.829.932,Coniferous,12,Forked,1.9,18.75,60.47887837492023,1550.3151674752257,310.06303349504515,1860.3782009702709,1348.7741957034464,674.3870978517232,2475.000649115824
26,2,20x20,"Thijme, Joshua, Stanley",Stanley,Joshua,Thijme,37.799.982,26.829.932,Coniferous,13,,1.44,17.13,45.83662361046586,826.2557526447557,165.25115052895114,991.5069031737069,718.8425048009375,359.42125240046875,1319.0759963097203
27,2,20x20,"Thijme, Joshua, Stanley",Stanley,Joshua,Thijme,37.799.982,26.829.932,Coniferous,14,,1.18,10.82,37.560566569687296,357.73646416225967,71.54729283245193,429.2837569947116,311.2307238211659,155.61536191058295,571.1083782118394
28,2,20x20,"Thijme, Joshua, Stanley",Stanley,Joshua,Thijme,37.799.982,26.829.932,Coniferous,15,,1.02,12.97,32.46760839074665,321.26297541235857,64.25259508247171,385.5155704948303,279.49878860875197,139.74939430437598,512.8802770970599
29,2,20x20,"Thijme, Joshua, Stanley",Stanley,Joshua,Thijme,37.799.982,26.829.932,Coniferous,16,,1.01,20.76,32.149298504562864,498.7615199870583,99.75230399741167,598.51382398447,433.9225223887408,216.9612611943704,796.2478285833394
30,3,20x20,"Thijme, Joshua, Stanley",Thijme,Stanley,Joshua,37.792.500,26.835.131,Coniferous,1,,1.49,15.82,47.42817304138482,817.2009163991835,163.4401832798367,980.6410996790202,710.9647972672896,355.4823986336448,1304.6204029854764
31,3,20x20,"Thijme, Joshua, Stanley",Thijme,Stanley,Joshua,37.792.500,26.835.131,Coniferous,2,,1.7,11.65,54.11268065124442,784.1770411859311,156.83540823718624,941.0124494231173,682.23402583176,341.11701291588,1251.8994374012796
32,3,20x20,"Thijme, Joshua, Stanley",Thijme,Stanley,Joshua,37.792.500,26.835.131,Coniferous,3,,1.13,16.5,35.96901713876834,496.269033424812,99.2538066849624,595.5228401097744,431.7540590795864,215.8770295397932,792.268698411041
33,3,20x20,"Thijme, Joshua, Stanley",Thijme,Stanley,Joshua,37.792.500,26.835.131,Coniferous,4,Forked,1.46,12.18,46.47324338283344,608.4883297008394,121.69766594016788,730.1859956410073,529.3848468397302,264.6924234198651,971.421193950905
34,3,20x20,"Thijme, Joshua, Stanley",Thijme,Stanley,Joshua,37.792.500,26.835.131,Coniferous,5,,1.5,17.48,47.7464829275686,912.6290675099037,182.52581350198076,1095.1548810118845,793.9872887336163,396.99364436680816,1456.966674826186
35,3,20x20,"Thijme, Joshua, Stanley",Thijme,Stanley,Joshua,37.792.500,26.835.131,Coniferous,6,,0.88,12.01,28.01126998417358,223.41271001984694,44.68254200396939,268.09525202381633,194.36905771726683,97.18452885863341,356.66722091118464
36,3,20x20,"Thijme, Joshua, Stanley",Thijme,Stanley,Joshua,37.792.500,26.835.131,Coniferous,7,,1.35,12.04,42.97183463481174,516.3529858546569,103.2705971709314,619.6235830255883,449.2270976935515,224.61354884677576,824.331724267667
37,3,20x20,"Thijme, Joshua, Stanley",Thijme,Stanley,Joshua,37.792.500,26.835.131,Coniferous,8,,0.52,7.05,16.552114081557114,47.56799326050235,9.51359865210047,57.08159191260282,41.384154136637044,20.692077068318522,75.93992284072897
38,3,20x20,"Thijme, Joshua, Stanley",Thijme,Stanley,Joshua,37.792.500,26.835.131,Coniferous,9,,1.04,12.12,33.10422816311423,312.31393383259336,62.462786766518676,374.776720599112,271.7131224343562,135.8565612171781,498.5935796670436
39,3,20x20,"Thijme, Joshua, Stanley",Thijme,Stanley,Joshua,37.792.500,26.835.131,Coniferous,10,,0.94,11.21,29.921129301276324,237.5769887892211,47.51539775784423,285.0923865470653,206.69198024662234,103.34599012331117,379.27978375255196
40,3,20x20,"Thijme, Joshua, Stanley",Thijme,Stanley,Joshua,37.792.500,26.835.131,Coniferous,11,,1.2,14.54,38.19718634205488,493.2514588707781,98.65029177415562,591.9017506449337,429.1287692175769,214.56438460878846,787.4512915142536
41,3,20x20,"Thijme, Joshua, Stanley",Thijme,Stanley,Joshua,37.792.500,26.835.131,Coniferous,12,,1.25,15.84,39.78873577297384,580.7284781288065,116.1456956257613,696.8741737545678,505.2337759720616,252.6168879860308,927.103978908733
42,3,20x20,"Thijme, Joshua, Stanley",Thijme,Stanley,Joshua,37.792.500,26.835.131,Coniferous,13,,1.01,17.64,32.149298504562864,425.4628665795892,85.09257331591785,510.55543989550705,370.1526939242426,185.0763469621213,679.2301933509851
43,3,20x20,"Thijme, Joshua, Stanley",Thijme,Stanley,Joshua,37.792.500,26.835.131,Coniferous,14,,1.47,14.76,46.79155326901723,743.8330100531158,148.76660201062316,892.599612063739,647.1347187462108,323.5673593731054,1187.4922088992967
44,3,20x20,"Thijme, Joshua, Stanley",Thijme,Stanley,Joshua,37.792.500,26.835.131,Coniferous,15,Dead,1.29,12.75,41.061975317709,499.68093577569664,99.93618715513934,599.617122930836,434.7224141248561,217.36120706242804,797.7156299191108
45,3,20x20,"Thijme, Joshua, Stanley",Thijme,Stanley,Joshua,37.792.500,26.835.131,Coniferous,16,,0.93,15.32,29.602819415092537,315.59854758545447,63.1197095170909,378.71825710254535,274.5707363993454,137.2853681996727,503.83730129279877
46,3,20x20,"Thijme, Joshua, Stanley",Thijme,Stanley,Joshua,37.792.500,26.835.131,Coniferous,17,,1.29,16.78,41.061975317709,653.2986931167673,130.65973862335346,783.9584317401207,568.3698630115874,284.1849315057937,1042.958698626263
47,3,20x20,"Thijme, Joshua, Stanley",Thijme,Stanley,Joshua,37.792.500,26.835.131,Coniferous,18,,1.07,18.23,34.0591578216656,491.73219997805137,98.34643999561028,590.0786399736617,427.8070139809047,213.90350699045234,785.02587065496
48,3,20x20,"Thijme, Joshua, Stanley",Thijme,Stanley,Joshua,37.792.500,26.835.131,Coniferous,19,,1.69,17.45,53.79437076506063,1149.9287012172595,229.98574024345191,1379.9144414607113,1000.4379700590156,500.2189850295078,1835.8036750582935
49,3,20x20,"Thijme, Joshua, Stanley",Thijme,Stanley,Joshua,37.792.500,26.835.131,Coniferous,20,Forked,1.19,17.34,37.878876455871094,576.2664142343377,115.25328284686755,691.5196970812053,501.35178038387386,250.67589019193693,919.9805170044085
50,3,20x20,"Thijme, Joshua, Stanley",Thijme,Stanley,Joshua,37.792.500,26.835.131,Coniferous,21,,1.41,18.06,44.881693951914485,834.9797697711266,166.99595395422534,1001.9757237253519,726.4323997008802,363.2161998504401,1333.003453451115
51,3,20x20,"Thijme, Joshua, Stanley",Thijme,Stanley,Joshua,37.792.500,26.835.131,Coniferous,22,,1.51,17.57,48.06479281375239,929.18879855758,185.83775971151601,1115.0265582690959,808.3942547450945,404.19712737254724,1483.4034574572484
52,3,20x20,"Thijme, Joshua, Stanley",Thijme,Stanley,Joshua,37.792.500,26.835.131,Coniferous,23,,0.75,15.05,23.8732414637843,203.81631038420866,40.763262076841734,244.5795724610504,177.32019003426151,88.66009501713076,325.3825487128699
53,3,20x20,"Thijme, Joshua, Stanley",Thijme,Stanley,Joshua,37.792.500,26.835.131,Coniferous,24,,1.53,15.32,48.70141258611997,834.0151759784493,166.80303519568986,1000.8182111741392,725.5932031012509,362.79660155062544,1331.4635276907954
54,3,20x20,"Thijme, Joshua, Stanley",Thijme,Stanley,Joshua,37.792.500,26.835.131,Coniferous,25,,0.67,11.84,21.326762374313976,129.39962023955167,25.879924047910336,155.279544287462,112.57766960840993,56.28883480420497,206.58002373143222
55,3,20x20,"Thijme, Joshua, Stanley",Thijme,Stanley,Joshua,37.792.500,26.835.131,Coniferous,26,,1.31,16.76,41.69859509007658,672.4325570580146,134.48651141160292,806.9190684696175,585.0163246404727,292.50816232023635,1073.5049557152674
56,4,20x20,"Thijme, Jessica, Sam",Thijme,Jessica,Sam,37.792.620,26.835.103,Coniferous,1,,1.24,21.03,39.470425886790046,753.8657018644078,150.77314037288156,904.6388422372894,655.8631606220348,327.9315803110174,1203.5088997414339
57,4,20x20,"Thijme, Jessica, Sam",Thijme,Jessica,Sam,37.792.620,26.835.103,Coniferous,2,,0.76,17.05,24.191551349968094,236.24077333912453,47.248154667824906,283.48892800694944,205.52947280503832,102.76473640251916,377.1465825972453
58,4,20x20,"Thijme, Jessica, Sam",Thijme,Jessica,Sam,37.792.620,26.835.103,Coniferous,3,,1.49,27.0,47.42817304138482,1376.9379036300559,275.3875807260112,1652.3254843560671,1197.9359761581486,598.9679880790743,2198.2125162502025
59,4,20x20,"Thijme, Jessica, Sam",Thijme,Jessica,Sam,37.792.620,26.835.103,Coniferous,4,,1.18,20.78,37.560566569687296,676.3623957963409,135.2724791592682,811.6348749556091,588.4352843428165,294.2176421714083,1079.7787467690684
60,4,20x20,"Thijme, Jessica, Sam",Thijme,Jessica,Sam,37.792.620,26.835.103,Coniferous,5,,0.5,12.0,15.915494309189535,74.04812566701732,14.809625133403465,88.85775080042077,64.42186933030506,32.21093466515253,118.21413022110978
61,4,20x20,"Thijme, Jessica, Sam",Thijme,Jessica,Sam,37.792.620,26.835.103,Coniferous,6,Dead,1.43,22.3,45.518313724282066,1054.3995619865561,210.87991239731124,1265.2794743838674,917.3276189283039,458.66380946415194,1683.2961807334375
62,4,20x20,"Thijme, Jessica, Sam",Thijme,Jessica,Sam,37.792.620,26.835.103,Coniferous,7,Dead,1.44,21.1,45.83662361046586,1012.6677660974404,202.5335532194881,1215.2013193169287,881.0209565047733,440.51047825238663,1616.673455186259
63,4,20x20,"Thijme, Jessica, Sam",Thijme,Jessica,Sam,37.792.620,26.835.103,Coniferous,8,,0.86,21.04,27.374650211806,369.2133025532465,73.8426605106493,443.0559630638958,321.2155732213244,160.6077866106622,589.4305768611302
64,4,20x20,"Thijme, Jessica, Sam",Thijme,Jessica,Sam,37.792.620,26.835.103,Coniferous,9,Dead,0.76,12.0,24.191551349968094,167.67671370246617,33.535342740493235,201.2120564429594,145.87874092114558,72.93937046057279,267.6874895903021
65,4,20x20,"Thijme, Jessica, Sam",Thijme,Jessica,Sam,37.792.620,26.835.103,Coniferous,10,,1.54,30.21,49.01972247230377,1638.7446252784584,327.7489250556917,1966.49355033415,1425.7078239922587,712.8539119961293,2616.1738570257944
66,4,20x20,"Thijme, Jessica, Sam",Thijme,Jessica,Sam,37.792.620,26.835.103,Broadleaf,11,,0.45,12.97,14.32394487827058,117.75051015033789,23.550102030067578,141.30061218040547,102.44294383079396,51.22147191539698,187.98280192950693
67,4,20x20,"Thijme, Jessica, Sam",Thijme,Jessica,Sam,37.792.620,26.835.103,Broadleaf,12,,0.43,12.97,13.687325105903,107.7512695387101,21.55025390774202,129.30152344645214,93.7436044986778,46.8718022493389,172.01951425507374
68,4,20x20,"Thijme, Jessica, Sam",Thijme,Jessica,Sam,37.792.620,26.835.103,Broadleaf,13,,0.39,10.83,12.414085561167838,74.68236120191357,14.936472240382713,89.61883344229628,64.9736542456648,32.4868271228324,119.22665554079491
69,4,20x20,"Thijme, Jessica, Sam",Thijme,Jessica,Sam,37.792.620,26.835.103,Broadleaf,14,,0.41,12.56,13.050705333535417,95.15476262538284,19.030952525076568,114.18571515045942,82.78464348408308,41.39232174204154,151.90982079329245
70,4,20x20,"Thijme, Jessica, Sam",Thijme,Jessica,Sam,37.792.620,26.835.103,Coniferous,15,,1.05,23.85,33.422538049298026,616.0754448925114,123.2150889785023,739.2905338710137,535.985637056485,267.9928185282425,983.5336439986498
71,4,20x20,"Thijme, Jessica, Sam",Thijme,Jessica,Sam,37.792.620,26.835.103,Coniferous,16,,1.55,20.07,49.33803235848756,1113.4159431791957,222.68318863583914,1336.0991318150348,968.6718705659001,484.33593528295006,1777.5128824884266
72,4,20x20,"Thijme, Jessica, Sam",Thijme,Jessica,Sam,37.792.620,26.835.103,Broadleaf,17,,0.46,12.05,14.642254764454371,114.39556800942104,22.87911360188421,137.27468161130525,99.5241441681963,49.76207208409815,182.62680454864022
73,4,20x20,"Thijme, Jessica, Sam",Thijme,Jessica,Sam,37.792.620,26.835.103,Broadleaf,18,,0.52,12.05,16.552114081557114,145.32637422231983,29.065274844463968,174.3916490667838,126.43394557341826,63.21697278670913,232.00629012722248
74,4,20x20,"Thijme, Jessica, Sam",Thijme,Jessica,Sam,37.792.620,26.835.103,Coniferous,19,,1.47,22.03,46.79155326901723,1099.5862792094736,219.91725584189473,1319.5035350513683,956.640062912242,478.320031456121,1755.434515443964
75,4,20x20,"Thijme, Jessica, Sam",Thijme,Jessica,Sam,37.792.620,26.835.103,Coniferous,20,Crooked,0.84,17.0,26.738030439438415,286.38814670421704,57.27762934084341,343.66577604506045,249.15768763266883,124.57884381633441,457.20435680594727
76,4,20x20,"Thijme, Jessica, Sam",Thijme,Jessica,Sam,37.792.620,26.835.103,Coniferous,21,,0.77,22.0,24.509861236151885,310.7979584627235,62.1595916925447,372.9575501552682,270.39422386256945,135.19711193128472,496.1734007878149
77,4,20x20,"Thijme, Jessica, Sam",Thijme,Jessica,Sam,37.792.620,26.835.103,Coniferous,22,,1.58,27.32,50.29296201703893,1561.8075481864694,312.3615096372939,1874.1690578237633,1358.7725669222284,679.3862834611142,2493.347660302289
78,4,20x20,"Thijme, Jessica, Sam",Thijme,Jessica,Sam,37.792.620,26.835.103,Coniferous,23,,0.93,25.08,29.602819415092537,510.5827196977638,102.11654393955277,612.6992636373166,444.2069661370545,222.10348306852725,815.119782861495
79,4,20x20,"Thijme, Jessica, Sam",Thijme,Jessica,Sam,37.792.620,26.835.103,Coniferous,24,,1.57,32.0,49.97465213085514,1799.973974296365,359.99479485927304,2159.9687691556383,1565.9773576378377,782.9886788189189,2873.568451265432
80,5,20x20,"Thijme, Jessica, Sam",Sam,Jessica,Thijme,37.797.028,26.831.709,Coniferous,1,Dead,0.83,9.45,26.419720553254628,157.72684156915417,31.545368313830835,189.272209882985,137.22235216516412,68.61117608258206,251.80301622307616
81,5,20x20,"Thijme, Jessica, Sam",Sam,Jessica,Thijme,37.797.028,26.831.709,Coniferous,2,,1.2,15.23,38.19718634205488,516.08427133879,103.21685426775801,619.301125606548,448.99331606474726,224.49665803237363,823.9027349788112
82,5,20x20,"Thijme, Jessica, Sam",Sam,Jessica,Thijme,37.797.028,26.831.709,Coniferous,3,Dead,0.79,11.72,25.146481008519466,176.71977770689944,35.34395554137989,212.06373324827933,153.7462066050025,76.87310330250125,282.1242891201796
83,5,20x20,"Thijme, Jessica, Sam",Sam,Jessica,Thijme,37.797.028,26.831.709,Coniferous,4,Dead,1.97,22.21,62.70704757820676,1962.787086311082,392.5574172622164,2355.3445035732984,1707.6247650906414,853.8123825453207,3133.491443941327
84,5,20x20,"Thijme, Jessica, Sam",Sam,Jessica,Thijme,37.797.028,26.831.709,Coniferous,5,,0.9,15.04,28.64788975654116,290.74951033267524,58.14990206653505,348.8994123992103,252.95207398942745,126.47603699471372,464.16705577059935
85,5,20x20,"Thijme, Jessica, Sam",Sam,Jessica,Thijme,37.797.028,26.831.709,Coniferous,6,,1.28,16.17,40.74366543152521,620.6097090295273,124.12194180590546,744.7316508354327,539.9304468556887,269.96522342784436,990.7723699801888
86,5,20x20,"Thijme, Jessica, Sam",Sam,Jessica,Thijme,37.797.028,26.831.709,Coniferous,7,,0.87,17.32,27.69296009798979,312.32593217844703,62.46518643568941,374.79111861413645,271.72356099524893,135.86178049762447,498.6127344262818
87,5,20x20,"Thijme, Jessica, Sam",Sam,Jessica,Thijme,37.797.028,26.831.709,Coniferous,8,,1.22,14.12,38.833806114422465,495.0587932202436,99.01175864404873,594.0705518642924,430.701150101612,215.350575050806,790.3366104364579
88,5,20x20,"Thijme, Jessica, Sam",Sam,Jessica,Thijme,37.797.028,26.831.709,Coniferous,9,,0.98,17.03,31.19436884601149,387.5988872151012,77.51977744302025,465.1186646581214,337.211031877138,168.605515938569,618.7822434945482
89,5,20x20,"Thijme, Jessica, Sam",Sam,Jessica,Thijme,37.797.028,26.831.709,Coniferous,10,,0.8,15.13,25.464790894703253,232.37969305987477,46.475938611974954,278.8556316718497,202.17033296209104,101.08516648104552,370.98256098543703
90,5,20x20,"Thijme, Jessica, Sam",Sam,Jessica,Thijme,37.797.028,26.831.709,Coniferous,11,,1.26,16.56,40.10704565915763,615.9846840286018,123.19693680572037,739.1816208343222,535.9066751048836,267.9533375524418,983.3887488174613
91,5,20x20,"Thijme, Jessica, Sam",Sam,Jessica,Thijme,37.797.028,26.831.709,Coniferous,12,,1.14,16.03,36.287327024952134,490.83679652518487,98.16735930503698,589.0041558302219,427.0280129769108,213.5140064884554,783.5964038126314
92,5,20x20,"Thijme, Jessica, Sam",Sam,Jessica,Thijme,37.797.028,26.831.709,Coniferous,13,,1.02,16.11,32.46760839074665,396.9689221441734,79.39378442883469,476.3627065730081,345.36296226543084,172.68148113271542,633.7410357570656
93,5,20x20,"Thijme, Jessica, Sam",Sam,Jessica,Thijme,37.797.028,26.831.709,Coniferous,14,,1.61,15.86,51.24789167559031,952.9360174384706,190.58720348769413,1143.5232209261646,829.0543351714693,414.5271675857347,1521.3147050396462
94,5,20x20,"Thijme, Jessica, Sam",Sam,Jessica,Thijme,37.797.028,26.831.709,Coniferous,15,,1.19,19.38,37.878876455871094,642.3454854944131,128.46909709888263,770.8145825932957,558.8405723801393,279.42028619006965,1025.4724503175555
95,5,20x20,"Thijme, Jessica, Sam",Sam,Jessica,Thijme,37.797.028,26.831.709,Coniferous,16,,1.53,17.85,48.70141258611997,968.189350791647,193.6378701583294,1161.8272209499764,842.3247351887329,421.16236759436646,1545.665889071325
96,5,20x20,"Thijme, Jessica, Sam",Sam,Jessica,Thijme,37.797.028,26.831.709,Coniferous,17,,0.94,16.6,29.921129301276324,348.5096352337355,69.7019270467471,418.21156228048255,303.2033826533498,151.6016913266749,556.3782071688969
97,5,20x20,"Thijme, Jessica, Sam",Sam,Jessica,Thijme,37.797.028,26.831.709,Coniferous,18,,1.62,16.74,51.56620156177409,1016.7223172932875,203.34446345865751,1220.0667807519449,884.54841604516,442.27420802258,1623.1463434428686
98,6,20x20,"Thijme, Jessica, Sam",Thijme,Sam,Jessica,38.421.943,26.831.272,Coniferous,1,,1.28,22.78,40.74366543152521,867.1415903196048,173.42831806392098,1040.5699083835257,754.4131835780561,377.20659178902804,1384.3481918657328
99,6,20x20,"Thijme, Jessica, Sam",Thijme,Sam,Jessica,38.421.944,26.831.273,Coniferous,2,Dead,0.6,10.32,19.09859317102744,91.23182250124339,18.246364500248678,109.47818700149206,79.37168557608175,39.68584278804087,145.64704303211
100,6,20x20,"Thijme, Jessica, Sam",Thijme,Sam,Jessica,38.421.944,26.831.273,Coniferous,3,,1.4,21.16,44.563384065730695,961.1450607011762,192.22901214023526,1153.3740728414116,836.1962028100234,418.0981014050117,1534.4200321563928
101,6,20x20,"Thijme, Jessica, Sam",Thijme,Sam,Jessica,38.421.944,26.831.273,Coniferous,4,,1.61,20.84,51.24789167559031,1243.9760093349594,248.79520186699187,1492.7712112019512,1082.2591281214147,541.1295640607074,1985.945500102796
102,6,20x20,"Thijme, Jessica, Sam",Thijme,Sam,Jessica,38.421.944,26.831.273,Coniferous,5,,1.21,19.16,38.515496228238675,656.234080213686,131.2468160427372,787.4808962564232,570.9236497859068,285.4618248929534,1047.644897357139
103,6,20x20,"Thijme, Jessica, Sam",Thijme,Sam,Jessica,38.421.944,26.831.273,Coniferous,6,,1.82,23.18,57.93239928544991,1753.2901138399932,350.65802276799866,2103.9481366079917,1525.362399040794,762.681199520397,2799.0400022398567
104,6,20x20,"Thijme, Jessica, Sam",Thijme,Sam,Jessica,38.421.944,26.831.273,Coniferous,7,,0.92,12.04,29.284509528908742,244.25812308000013,48.85162461600003,293.10974769600017,212.50456707960012,106.25228353980006,389.9458805910662
105,6,20x20,"Thijme, Jessica, Sam",Thijme,Sam,Jessica,38.421.944,26.831.273,Coniferous,8,,1.3,17.05,41.38028520389279,673.6342299104431,134.72684598208863,808.3610758925317,586.0617800220855,293.03089001104274,1075.4233663405269
106,6,20x20,"Thijme, Jessica, Sam",Thijme,Sam,Jessica,38.421.944,26.831.273,Coniferous,9,,1.28,17.32,40.74366543152521,663.6518731156151,132.73037462312303,796.3822477387381,577.3771296105851,288.6885648052926,1059.4870328354236
107,6,20x20,"Thijme, Jessica, Sam",Thijme,Sam,Jessica,38.421.944,26.831.273,Coniferous,10,,0.78,16.08,24.828171122335675,234.7186340761123,46.94372681522246,281.66236089133474,204.2052116462177,102.10260582310885,374.71656337080947
108,6,20x20,"Thijme, Jessica, Sam",Thijme,Sam,Jessica,38.421.944,26.831.273,Coniferous,11,,1.2,16.41,38.19718634205488,555.0747765387957,111.01495530775915,666.0897318465549,482.91505558875224,241.45752779437612,886.1491270053604
109,6,20x20,"Thijme, Jessica, Sam",Thijme,Sam,Jessica,38.421.944,26.831.273,Coniferous,12,,1.61,23.18,51.24789167559031,1380.1253869528134,276.02507739056267,1656.1504643433761,1200.7090866489477,600.3545433244739,2203.301174000819
110,7,10x10,"Thijme, Jessica, Tom",Thijme,Jessica,All,37.796.819,26.834.964,Broadleaf,1,,0.37,7.5,11.777465788800255,47.08169745822366,9.416339491644733,56.49803694986839,40.96107678865458,20.48053839432729,75.16357590718115
111,7,10x10,"Thijme, Jessica, Tom",Thijme,Jessica,All,37.796.819,26.834.964,Broadleaf,2,,0.33,7.5,10.504226244065093,37.65837341600111,7.531674683200222,45.190048099201334,32.762784871920964,16.381392435960482,60.119710239974964
112,7,10x10,"Thijme, Jessica, Tom",Thijme,Jessica,All,37.796.819,26.834.964,Broadleaf,3,Curved,0.45,9.44,14.32394487827058,86.35869027353613,17.271738054707225,103.63042832824335,75.13206053797643,37.566030268988214,137.86733108718676
113,7,10x10,"Thijme, Jessica, Tom",Thijme,Jessica,All,37.796.819,26.834.964,Broadleaf,4,,0.45,9.44,14.32394487827058,86.35869027353613,17.271738054707225,103.63042832824335,75.13206053797643,37.566030268988214,137.86733108718676
114,7,10x10,"Thijme, Jessica, Tom",Thijme,Jessica,All,37.796.819,26.834.964,Broadleaf,5,,0.51,8.5,16.233804195373324,99.52963446343148,19.905926892686296,119.43556135611777,86.59078198318538,43.29539099159269,158.89408493914516
115,7,10x10,"Thijme, Jessica, Tom",Thijme,Jessica,All,37.796.819,26.834.964,Broadleaf,6,,0.32,8.5,10.185916357881302,40.07081567976646,8.014163135953293,48.08497881571975,34.86160964139682,17.43080482069841,63.97105369196316
116,7,10x10,"Thijme, Jessica, Tom",Thijme,Jessica,All,37.796.819,26.834.964,Broadleaf,7,,0.46,8.5,14.642254764454371,81.37269744267105,16.274539488534213,97.64723693120527,70.79424677512382,35.39712338756191,129.90744283235222
117,7,10x10,"Thijme, Jessica, Tom",Thijme,Jessica,All,37.796.819,26.834.964,Broadleaf,8,Very curved,0.34,10.0,10.822536130248885,52.85783852535711,10.571567705071423,63.42940623042853,45.986319517060686,22.993159758530343,84.38489631380635
118,7,10x10,"Thijme, Jessica, Tom",Thijme,Jessica,All,37.796.819,26.834.964,Broadleaf,9,,0.41,9.0,13.050705333535417,68.73173885851403,13.746347771702808,82.47808663021684,59.796612806907206,29.898306403453603,109.72678450067473
119,7,10x10,"Thijme, Jessica, Tom",Thijme,Jessica,All,37.796.819,26.834.964,Broadleaf,10,,0.42,9.0,13.369015219719207,72.04201607016584,14.40840321403317,86.45041928419901,62.676553981044286,31.338276990522143,115.01147655521626
120,7,10x10,"Thijme, Jessica, Tom",Thijme,Jessica,All,37.796.819,26.834.964,Broadleaf,11,,0.5,10.0,15.915494309189535,112.21528124922861,22.443056249845725,134.65833749907432,97.62729468682888,48.81364734341444,179.146085750331
121,7,10x10,"Thijme, Jessica, Tom",Thijme,Jessica,All,37.796.819,26.834.964,Broadleaf,12,,0.42,10.0,13.369015219719207,79.84452998041247,15.968905996082496,95.81343597649497,69.46474108295885,34.732370541479426,127.46779988722949
122,7,10x10,"Thijme, Jessica, Tom",Thijme,Jessica,All,37.796.819,26.834.964,Broadleaf,13,,0.58,12.0,18.461973398659858,179.12445968911683,35.82489193782337,214.9493516269402,155.83827992953164,77.91913996476582,285.96324367069053
123,7,10x10,"Thijme, Jessica, Tom",Thijme,Jessica,All,37.796.819,26.834.964,Broadleaf,14,,0.51,11.5,16.233804195373324,133.68436877189023,26.73687375437805,160.4212425262683,116.3054008315445,58.15270041577225,213.42041052588417
124,7,10x10,"Thijme, Jessica, Tom",Thijme,Jessica,All,37.796.819,26.834.964,Broadleaf,15,Very curved,0.39,9.0,12.414085561167838,62.339218844795404,12.467843768959082,74.80706261375448,54.235120394972,27.117560197486,99.52144592477362
125,7,10x10,"Thijme, Jessica, Tom",Thijme,Jessica,All,37.796.819,26.834.964,Broadleaf,16,,0.55,11.0,17.50704374010849,148.33710005411194,29.66742001082239,178.00452006493433,129.0532770470774,64.5266385235387,236.812763381387
126,7,10x10,"Thijme, Jessica, Tom",Thijme,Jessica,All,37.796.819,26.834.964,Broadleaf,17,Dead,0.47,8.0,14.960564650638162,79.9858933652883,15.997178673057661,95.98307203834597,69.58772722780083,34.79386361390041,127.69347946301451
127,7,10x10,"Thijme, Jessica, Tom",Thijme,Jessica,All,37.796.819,26.834.964,Broadleaf,18,Very curved,0.41,7.0,13.050705333535417,53.78142797573112,10.756285595146224,64.53771357087734,46.789842338886075,23.394921169443037,85.85936069185594
128,7,10x10,"Thijme, Jessica, Tom",Thijme,Jessica,All,37.796.819,26.834.964,Broadleaf,19,Very curved,0.51,9.5,16.233804195373324,110.94245611283597,22.188491222567194,133.13094733540316,96.5199368181673,48.25996840908365,177.114084061337
129,7,10x10,"Thijme, Jessica, Tom",Thijme,Jessica,All,37.796.819,26.834.964,Broadleaf,20,,0.55,9.5,17.50704374010849,128.56085808409378,25.712171616818758,154.27302970091253,111.84794653316158,55.92397326658079,205.24098188835148
130,7,10x10,"Thijme, Jessica, Tom",Thijme,Jessica,All,37.796.819,26.834.964,Broadleaf,21,,0.43,6.5,13.687325105903,54.90304291398503,10.980608582797007,65.88365149678204,47.765647335166975,23.882823667583487,87.6499628600314
131,7,10x10,"Thijme, Jessica, Tom",Thijme,Jessica,All,37.796.819,26.834.964,Broadleaf,22,Very curved,0.35,7.5,11.140846016432674,42.24187328638055,8.44837465727611,50.690247943656665,36.75042975915108,18.37521487957554,67.43703860804223
132,7,10x10,"Thijme, Jessica, Tom",Thijme,Jessica,All,37.796.819,26.834.964,Broadleaf,23,Dead,0.49,7.5,15.597184423005745,81.4676324031711,16.29352648063422,97.76115888380531,70.87684019075884,35.43842009537942,130.05900175004248
133,7,10x10,"Thijme, Jessica, Tom",Thijme,Jessica,All,37.796.819,26.834.964,Broadleaf,24,Dead,0.52,7.5,16.552114081557114,91.48731325286847,18.297462650573696,109.78477590344217,79.59396252999557,39.79698126499778,146.05492124254187
134,7,10x10,"Thijme, Jessica, Tom",Thijme,Jessica,All,37.796.819,26.834.964,Broadleaf,25,,0.38,6.0,12.095775674984047,39.891076358777454,7.9782152717554915,47.86929163053294,34.70523643213638,17.35261821606819,63.684108852970255
135,7,10x10,"Thijme, Jessica, Tom",Thijme,Jessica,All,37.796.819,26.834.964,Broadleaf,26,Curved,0.41,10.5,13.050705333535417,79.89091551895027,15.978183103790053,95.86909862274032,69.50509650148673,34.75254825074337,127.54185208022815
136,7,10x10,"Thijme, Jessica, Tom",Thijme,Jessica,All,37.796.819,26.834.964,Broadleaf,27,Curved,0.48,10.5,15.278874536821952,108.67413825227324,21.734827650454648,130.40896590272789,94.54650027947771,47.273250139738856,173.49282801284158
137,8,10x10,"Thijme, Jessica, Tom",Thijme,Jessica,All,37.796.762,26.834.671,Broadleaf,1,Very crooked,0.38,9.5,12.095775674984047,62.46811097913551,12.493622195827102,74.96173317496262,54.3472565518479,27.17362827592395,99.72721577264089
138,8,10x10,"Thijme, Jessica, Tom",Thijme,Jessica,All,37.796.762,26.834.671,Broadleaf,2,,0.55,11.0,17.50704374010849,148.33710005411194,29.66742001082239,178.00452006493433,129.0532770470774,64.5266385235387,236.812763381387
139,8,10x10,"Thijme, Jessica, Tom",Thijme,Jessica,All,37.796.762,26.834.671,Broadleaf,3,,0.53,11.0,16.87042396774091,137.99022157285148,27.5980443145703,165.58826588742178,120.05149276838078,60.02574638419039,220.29448922997872
140,8,10x10,"Thijme, Jessica, Tom",Thijme,Jessica,All,37.796.762,26.834.671,Broadleaf,4,Dead,0.33,6.0,10.504226244065093,30.288473418955306,6.057694683791062,36.34616810274637,26.350971874491115,13.175485937245558,48.354033389691196
141,8,10x10,"Thijme, Jessica, Tom",Thijme,Jessica,All,37.796.762,26.834.671,Broadleaf,5,,0.38,11.0,12.095775674984047,72.07744695078287,14.415489390156575,86.49293634093945,62.7073788471811,31.35368942359055,115.06804018457731
142,8,10x10,"Thijme, Jessica, Tom",Thijme,Jessica,All,37.796.762,26.834.671,Broadleaf,6,Curved,0.49,12.0,15.597184423005745,128.8861343455635,25.777226869112702,154.6633612146762,112.13093688064025,56.065468440320124,205.76026917597486
143,8,10x10,"Thijme, Jessica, Tom",Thijme,Jessica,All,37.796.762,26.834.671,Broadleaf,7,Very curvy and dead,0.43,9.0,13.687325105903,75.42818686731307,15.085637373462616,90.51382424077569,65.62252257456237,32.811261287281184,120.41732892432194
144,8,10x10,"Thijme, Jessica, Tom",Thijme,Jessica,All,37.796.762,26.834.671,Broadleaf,8,Curved,0.45,11.0,14.32394487827058,100.26114070676553,20.05222814135311,120.31336884811864,87.22719241488602,43.61359620744301,160.06189808131583
145,8,10x10,"Thijme, Jessica, Tom",Thijme,Jessica,All,37.796.762,26.834.671,Broadleaf,9,Curved,0.4,11.5,12.732395447351626,83.20027257176145,16.64005451435229,99.84032708611373,72.38423713743245,36.192118568716225,132.82507514718856
146,8,10x10,"Thijme, Jessica, Tom",Thijme,Jessica,All,37.796.762,26.834.671,Broadleaf,10,Curved,0.47,11.5,14.960564650638162,113.98262768252044,22.79652553650409,136.77915321902452,99.16488608379278,49.58244304189639,181.96756596375974
147,8,10x10,"Thijme, Jessica, Tom",Thijme,Jessica,All,37.796.762,26.834.671,Broadleaf,11,Dead,0.64,12.0,20.371832715762604,217.07347525718544,43.41469505143709,260.48817030862256,188.85392347375134,94.42696173687567,346.5469495743337
148,8,10x10,"Thijme, Jessica, Tom",Thijme,Jessica,All,37.796.762,26.834.671,Broadleaf,12,,0.38,11.0,12.095775674984047,72.07744695078287,14.415489390156575,86.49293634093945,62.7073788471811,31.35368942359055,115.06804018457731
149,8,10x10,"Thijme, Jessica, Tom",Thijme,Jessica,All,37.796.762,26.834.671,Broadleaf,13,,0.48,11.5,15.278874536821952,118.7644717415144,23.75289434830288,142.51736608981727,103.32509041511751,51.66254520755876,189.60154091174064
150,8,10x10,"Thijme, Jessica, Tom",Thijme,Jessica,All,37.796.762,26.834.671,Broadleaf,14,,0.81,13.0,25.783100780887047,371.735487325647,74.34709746512941,446.0825847907764,323.40987397331287,161.70493698665643,593.4571187410291
151,8,10x10,"Thijme, Jessica, Tom",Thijme,Jessica,All,37.796.762,26.834.671,Broadleaf,15,,0.55,12.0,17.50704374010849,161.4847144380304,32.296942887606086,193.7816573256365,140.49170156108647,70.24585078054324,257.80227236459365
152,8,10x10,"Thijme, Jessica, Tom",Thijme,Jessica,All,37.796.762,26.834.671,Broadleaf,16,,0.71,13.0,22.600001919049138,287.42700025538096,57.4854000510762,344.91240030645713,250.06149022218142,125.03074511109071,458.8628345577029
153,8,10x10,"Thijme, Jessica, Tom",Thijme,Jessica,All,37.796.762,26.834.671,Broadleaf,17,,0.69,13.0,21.963382146681557,271.83457274319903,54.36691454863981,326.2014872918388,236.49607828658313,118.24803914329156,433.97030365588006
154,9,10x10,"Thijme, Jessica, Tom",Thijme,Jessica,All,37.796.896,26.834.882,Broadleaf,1,Very branched,0.5,7.0,15.915494309189535,79.22599265353445,15.84519853070689,95.07119118424134,68.92661360857497,34.463306804287484,126.48033597173506
155,9,10x10,"Thijme, Jessica, Tom",Thijme,Jessica,All,37.796.896,26.834.882,Broadleaf,2,,0.41,5.0,13.050705333535417,38.72677803775575,7.745355607551151,46.4721336453069,33.6922968928475,16.84614844642375,61.82536479837516
156,9,10x10,"Thijme, Jessica, Tom",Thijme,Jessica,All,37.796.896,26.834.882,Broadleaf,3,,0.83,6.0,26.419720553254628,183.30681458165606,36.661362916331214,219.96817749798726,159.47692868604076,79.73846434302038,292.6401641388848
157,9,10x10,"Thijme, Jessica, Tom",Thijme,Jessica,All,37.796.896,26.834.882,Broadleaf,4,,0.36,6.0,11.459155902616464,35.89555360490021,7.1791107209800415,43.07466432588025,31.22913163626318,15.61456581813159,57.305456552542935
158,9,10x10,"Thijme, Jessica, Tom",Thijme,Jessica,All,37.796.896,26.834.882,Broadleaf,5,,0.63,7.0,20.053522829578814,124.39158264224082,24.878316528448167,149.26989917068897,108.2206768987495,54.11033844937475,198.58494210920534
159,9,10x10,"Thijme, Jessica, Tom",Thijme,Jessica,All,37.796.896,26.834.882,Broadleaf,6,Curved,0.42,9.0,13.369015219719207,72.04201607016584,14.40840321403317,86.45041928419901,62.676553981044286,31.338276990522143,115.01147655521626
160,9,10x10,"Thijme, Jessica, Tom",Thijme,Jessica,All,37.796.896,26.834.882,Broadleaf,7,Curved,0.38,7.0,12.095775674984047,46.36772856713937,9.273545713427875,55.641274280567245,40.33992385341125,20.169961926705625,74.02376027100964
161,9,10x10,"Thijme, Jessica, Tom",Thijme,Jessica,All,37.796.896,26.834.882,Broadleaf,8,Curved,0.66,10.0,21.008452488130185,192.93557601935228,38.58711520387046,231.52269122322275,167.85395113683649,83.92697556841824,308.01200033609496
162,9,10x10,"Thijme, Jessica, Tom",Thijme,Jessica,All,37.796.896,26.834.882,Broadleaf,9,Dead,0.31,5.0,9.867606471697512,22.438576631291657,4.487715326258331,26.92629195754999,19.52156166922374,9.76078083461187,35.82206566302556
163,9,10x10,"Thijme, Jessica, Tom",Thijme,Jessica,All,37.796.896,26.834.882,Broadleaf,10,,0.52,7.0,16.552114081557114,85.52966434075607,17.105932868151214,102.63559720890728,74.41080797645778,37.20540398822889,136.5438326368
164,9,10x10,"Thijme, Jessica, Tom",Thijme,Jessica,All,37.796.896,26.834.882,Broadleaf,11,,0.52,8.0,16.552114081557114,97.43543040138675,19.48708608027735,116.9225164816641,84.76882444920648,42.38441222460324,155.55079286429387
165,9,10x10,"Thijme, Jessica, Tom",Thijme,Jessica,All,37.796.896,26.834.882,Broadleaf,12,Forked,0.62,8.0,19.735212943395023,137.34946086387862,27.469892172775726,164.81935303665435,119.4940309515744,59.7470154757872,219.27154679613903
166,9,10x10,"Thijme, Jessica, Tom",Thijme,Jessica,All,37.796.896,26.834.882,Broadleaf,13,Forked,0.7,7.0,22.281692032865347,152.79516612620165,30.55903322524033,183.354199351442,132.93179452979544,66.46589726489772,243.92984296217463
167,9,10x10,"Thijme, Jessica, Tom",Thijme,Jessica,All,37.796.896,26.834.882,Broadleaf,14,Forked and very branched,0.51,6.0,16.233804195373324,70.84597115007402,14.169194230014805,85.01516538008883,61.6359949005644,30.8179974502822,113.10205064253567
168,9,10x10,"Thijme, Jessica, Tom",Thijme,Jessica,All,37.796.896,26.834.882,Broadleaf,15,Curved,0.58,7.0,18.461973398659858,105.84971287778417,21.169942575556835,127.019655453341,92.08925020367222,46.04462510183611,168.98377412373853
169,9,10x10,"Thijme, Jessica, Tom",Thijme,Jessica,All,37.796.896,26.834.882,Broadleaf,16,,0.53,7.0,16.87042396774091,88.76969717279786,17.753939434559573,106.52363660735743,77.22963654033414,38.61481827016707,141.71638305151313
170,9,10x10,"Thijme, Jessica, Tom",Thijme,Jessica,All,37.796.896,26.834.882,Broadleaf,17,Curved,0.54,7.0,17.1887338539247,92.06845600324912,18.413691200649826,110.48214720389895,80.09955672282673,40.04977836141337,146.98268658638705
171,9,10x10,"Thijme, Jessica, Tom",Thijme,Jessica,All,37.796.896,26.834.882,Broadleaf,18,Forked and curved,0.56,8.0,17.82535362629228,112.60078282752296,22.520156565504593,135.12093939302756,97.96268105994497,48.981340529972485,179.76151974499902
172,9,10x10,"Thijme, Jessica, Tom",Thijme,Jessica,All,37.796.896,26.834.882,Broadleaf,19,Very curved,0.36,5.0,11.459155902616464,30.044138790146718,6.008827758029344,36.05296654817606,26.138400747427642,13.069200373713821,47.963965371529724
173,9,10x10,"Thijme, Jessica, Tom",Thijme,Jessica,All,37.796.896,26.834.882,Broadleaf,20,,0.44,6.0,14.00563499208679,53.10773734522772,10.621547469045545,63.729284814273264,46.20373149034811,23.101865745174056,84.78384728478878
174,10,10x10,"Thijme, Jessica, Joshua, Sam",Thijme,Sam,All,37.797.599,26.835.020,Broadleaf,1,Very curved,0.64,6.5,20.371832715762604,119.32441094834404,23.86488218966881,143.18929313801286,103.81223752505932,51.90611876252966,190.49545585848384
175,10,10x10,"Thijme, Jessica, Joshua, Sam",Thijme,Sam,All,37.797.599,26.835.020,Broadleaf,2,,0.63,7.0,20.053522829578814,124.39158264224082,24.878316528448167,149.26989917068897,108.2206768987495,54.11033844937475,198.58494210920534
176,10,10x10,"Thijme, Jessica, Joshua, Sam",Thijme,Sam,All,37.797.599,26.835.020,Broadleaf,3,,0.54,7.0,17.1887338539247,92.06845600324912,18.413691200649826,110.48214720389895,80.09955672282673,40.04977836141337,146.98268658638705
177,10,10x10,"Thijme, Jessica, Joshua, Sam",Thijme,Sam,All,37.797.599,26.835.020,Broadleaf,4,Curved,0.55,7.5,17.50704374010849,102.07286781754088,20.414573563508178,122.48744138104905,88.80339500126055,44.40169750063028,162.95422982731313
178,10,10x10,"Thijme, Jessica, Joshua, Sam",Thijme,Sam,All,37.797.599,26.835.020,Broadleaf,5,,0.48,6.5,15.278874536821952,68.0532523113826,13.610650462276519,81.66390277365912,59.20632951090286,29.60316475545143,108.64361465250676
179,10,10x10,"Thijme, Jessica, Joshua, Sam",Thijme,Sam,All,37.797.599,26.835.020,Broadleaf,6,,0.48,7.0,15.278874536821952,73.15788411328091,14.631576822656184,87.7894609359371,63.647359178554396,31.823679589277198,116.79290409264732
180,10,10x10,"Thijme, Jessica, Joshua, Sam",Thijme,Sam,All,37.797.599,26.835.020,Broadleaf,7,,0.34,6.5,10.822536130248885,34.71465359724735,6.94293071944947,41.65758431669682,30.201748629605195,15.100874314802597,55.42020873532553
181,10,10x10,"Thijme, Jessica, Joshua, Sam",Thijme,Sam,All,37.797.599,26.835.020,Broadleaf,8,,0.4,6.0,12.732395447351626,44.0919470574388,8.818389411487761,52.91033646892656,38.35999393997175,19.179996969985876,70.39058887984817
182,10,10x10,"Thijme, Jessica, Joshua, Sam",Thijme,Sam,All,37.797.599,26.835.020,Broadleaf,9,Forked and curved,0.31,4.5,9.867606471697512,20.24584901006653,4.049169802013306,24.295018812079835,17.61388863875788,8.80694431937894,32.321485652120714
183,10,10x10,"Thijme, Jessica, Joshua, Sam",Thijme,Sam,All,37.797.599,26.835.020,Broadleaf,10,,0.5,6.0,15.915494309189535,68.15969253197049,13.6319385063941,81.79163103836459,59.298932502814324,29.649466251407162,108.81354114266428
184,10,10x10,"Thijme, Jessica, Joshua, Sam",Thijme,Sam,All,37.797.599,26.835.020,Broadleaf,11,Curved,0.38,6.5,12.095775674984047,43.13239467668531,8.626478935337062,51.75887361202237,37.52518336871622,18.76259168435811,68.85871148159427
185,10,10x10,"Thijme, Jessica, Joshua, Sam",Thijme,Sam,All,37.797.599,26.835.020,Broadleaf,12,Dead,0.33,5.0,10.504226244065093,25.351081338846864,5.070216267769373,30.421297606616235,22.05544076479677,11.027720382398385,40.471733803402074
186,10,10x10,"Thijme, Jessica, Joshua, Sam",Thijme,Sam,All,37.797.599,26.835.020,Broadleaf,13,,0.35,3.0,11.140846016432674,17.272441124375433,3.454488224875087,20.72692934925052,15.027023778206626,7.513511889103313,27.574588633009157
187,10,10x10,"Thijme, Jessica, Joshua, Sam",Thijme,Sam,All,37.797.599,26.835.020,Broadleaf,14,Dead,0.61,5.0,19.416903057211233,84.10486460217697,16.820972920435395,100.92583752261237,73.17123220389396,36.58561610194698,134.26921109414542
188,10,10x10,"Thijme, Jessica, Joshua, Sam",Thijme,Sam,All,37.797.599,26.835.020,Broadleaf,15,,0.38,6.5,12.095775674984047,43.13239467668531,8.626478935337062,51.75887361202237,37.52518336871622,18.76259168435811,68.85871148159427
189,10,10x10,"Thijme, Jessica, Joshua, Sam",Thijme,Sam,All,37.797.599,26.835.020,Broadleaf,16,,0.35,6.5,11.140846016432674,36.73557250419107,7.347114500838214,44.082687005029285,31.95994807864623,15.979974039323116,58.64650472431583
190,10,10x10,"Thijme, Jessica, Joshua, Sam",Thijme,Sam,All,37.797.599,26.835.020,Broadleaf,17,Curved,0.46,7.0,14.642254764454371,67.32580088283257,13.465160176566513,80.79096105939908,58.57344676806433,29.286723384032165,107.48227481939804
191,10,10x10,"Thijme, Jessica, Joshua, Sam",Thijme,Sam,All,37.797.599,26.835.020,Broadleaf,18,Curved,0.45,7.0,14.32394487827058,64.49841878136306,12.899683756272612,77.39810253763567,56.11362433978586,28.05681216989293,102.96850066350704
192,10,10x10,"Thijme, Jessica, Joshua, Sam",Thijme,Sam,All,37.797.599,26.835.020,Broadleaf,19,Curved,0.56,7.5,17.82535362629228,105.7268700781886,21.14537401563772,126.87224409382631,91.98237696802407,45.991188484012035,168.78766173632417
193,10,10x10,"Thijme, Jessica, Joshua, Sam",Thijme,Sam,All,37.797.599,26.835.020,Broadleaf,20,,0.41,7.0,13.050705333535417,53.78142797573112,10.756285595146224,64.53771357087734,46.789842338886075,23.394921169443037,85.85936069185594
194,10,10x10,"Thijme, Jessica, Joshua, Sam",Thijme,Sam,All,37.797.599,26.835.020,Broadleaf,21,,0.47,6.5,14.960564650638162,65.31320694690133,13.062641389380268,78.37584833628159,56.82249004380415,28.411245021902076,104.26926923038062
195,10,10x10,"Thijme, Jessica, Joshua, Sam",Thijme,Sam,All,37.797.599,26.835.020,Broadleaf,22,,0.52,7.0,16.552114081557114,85.52966434075607,17.105932868151214,102.63559720890728,74.41080797645778,37.20540398822889,136.5438326368
196,10,10x10,"Thijme, Jessica, Joshua, Sam",Thijme,Sam,All,37.797.599,26.835.020,Broadleaf,23,,0.82,8.0,26.101410667070834,237.0516709630819,47.41033419261638,284.4620051556983,206.23495373788126,103.11747686894063,378.4411401090121
197,10,10x10,"Thijme, Jessica, Joshua, Sam",Thijme,Sam,All,37.797.599,26.835.020,Broadleaf,24,,0.44,4.0,14.00563499208679,35.75137338748999,7.150274677497999,42.90164806498799,31.10369484711629,15.551847423558145,57.075280044458395
198,11,10x10,"Thijme, Jessica, Joshua, Sam",Thijme,Joshua,All,37.797.238,26.834.799,Broadleaf,1,,0.36,5.0,11.459155902616464,30.044138790146718,6.008827758029344,36.05296654817606,26.138400747427642,13.069200373713821,47.963965371529724
199,11,10x10,"Thijme, Jessica, Joshua, Sam",Thijme,Joshua,All,37.797.238,26.834.799,Broadleaf,2,,0.33,5.0,10.504226244065093,25.351081338846864,5.070216267769373,30.421297606616235,22.05544076479677,11.027720382398385,40.471733803402074
200,11,10x10,"Thijme, Jessica, Joshua, Sam",Thijme,Joshua,All,37.797.238,26.834.799,Broadleaf,3,Curved,0.4,5.5,12.732395447351626,40.50210934824921,8.100421869649843,48.602531217899056,35.236835132976815,17.618417566488407,64.65959246901245
201,11,10x10,"Thijme, Jessica, Joshua, Sam",Thijme,Joshua,All,37.797.238,26.834.799,Broadleaf,4,,0.52,6.5,16.552114081557114,79.56178473500553,15.912356947001108,95.47414168200663,69.21875271945481,34.609376359727406,127.01641124019957
202,11,10x10,"Thijme, Jessica, Joshua, Sam",Thijme,Joshua,All,37.797.238,26.834.799,Broadleaf,5,Very curved,0.31,6.0,9.867606471697512,26.808727516274978,5.361745503254996,32.17047301952997,23.32359293915923,11.661796469579615,42.798793043357186
203,11,10x10,"Thijme, Jessica, Joshua, Sam",Thijme,Joshua,All,37.797.238,26.834.799,Broadleaf,6,Very curved,0.35,6.0,11.140846016432674,33.974963338639,6.794992667727801,40.7699560063668,29.55821810461593,14.779109052307964,54.23933022197023
204,11,10x10,"Thijme, Jessica, Joshua, Sam",Thijme,Joshua,All,37.797.238,26.834.799,Broadleaf,7,,0.31,6.0,9.867606471697512,26.808727516274978,5.361745503254996,32.17047301952997,23.32359293915923,11.661796469579615,42.798793043357186
205,11,10x10,"Thijme, Jessica, Joshua, Sam",Thijme,Joshua,All,37.797.238,26.834.799,Broadleaf,8,,0.43,5.5,13.687325105903,46.64305244489955,9.32861048897991,55.971662933879465,40.57945562706261,20.289727813531304,74.46330107565988
206,11,10x10,"Thijme, Jessica, Joshua, Sam",Thijme,Joshua,All,37.797.238,26.834.799,Broadleaf,9,,0.52,6.0,16.552114081557114,73.58286628635256,14.716573257270511,88.29943954362307,64.01709366912672,32.00854683456336,117.47136688284753
207,11,10x10,"Thijme, Jessica, Joshua, Sam",Thijme,Joshua,All,37.797.238,26.834.799,Broadleaf,10,,0.31,6.0,9.867606471697512,26.808727516274978,5.361745503254996,32.17047301952997,23.32359293915923,11.661796469579615,42.798793043357186
208,11,10x10,"Thijme, Jessica, Joshua, Sam",Thijme,Joshua,All,37.797.238,26.834.799,Broadleaf,11,Very curved,0.35,6.5,11.140846016432674,36.73557250419107,7.347114500838214,44.082687005029285,31.95994807864623,15.979974039323116,58.64650472431583
209,11,10x10,"Thijme, Jessica, Joshua, Sam",Thijme,Joshua,All,37.797.238,26.834.799,Broadleaf,12,Curved,0.43,5.0,13.687325105903,42.499879955226135,8.499975991045227,50.99985594627136,36.974895561046736,18.487447780523368,67.84893335452075
210,11,10x10,"Thijme, Jessica, Joshua, Sam",Thijme,Joshua,All,37.797.238,26.834.799,Broadleaf,13,Very curved,0.36,4.5,11.459155902616464,27.10818549580072,5.421637099160144,32.52982259496086,23.584121381346623,11.792060690673312,43.27686273477105
211,11,10x10,"Thijme, Jessica, Joshua, Sam",Thijme,Joshua,All,37.797.238,26.834.799,Broadleaf,14,,0.73,7.5,23.23662169141672,177.38976968478102,35.477953936956204,212.8677236217372,154.32909962575948,77.16454981287974,283.1938978132686
212,11,10x10,"Thijme, Jessica, Joshua, Sam",Thijme,Joshua,All,37.797.238,26.834.799,Broadleaf,15,Forked,0.52,6.0,16.552114081557114,73.58286628635256,14.716573257270511,88.29943954362307,64.01709366912672,32.00854683456336,117.47136688284753
213,11,10x10,"Thijme, Jessica, Joshua, Sam",Thijme,Joshua,All,37.797.238,26.834.799,Broadleaf,16,,0.33,4.5,10.504226244065093,22.87373987494606,4.574747974989212,27.448487849935272,19.900153691203073,9.950076845601536,36.516782023357635
214,11,10x10,"Thijme, Jessica, Joshua, Sam",Thijme,Joshua,All,37.797.238,26.834.799,Broadleaf,17,,0.44,5.5,14.00563499208679,48.78386029068811,9.756772058137622,58.54063234882573,42.44195845289865,21.220979226449327,77.88099376106902
215,11,10x10,"Thijme, Jessica, Joshua, Sam",Thijme,Joshua,All,37.797.238,26.834.799,Broadleaf,18,,0.49,7.5,15.597184423005745,81.4676324031711,16.29352648063422,97.76115888380531,70.87684019075884,35.43842009537942,130.05900175004248
216,11,10x10,"Thijme, Jessica, Joshua, Sam",Thijme,Joshua,All,37.797.238,26.834.799,Broadleaf,19,Curved,0.47,7.5,14.960564650638162,75.10301388288951,15.020602776577903,90.12361665946742,65.33962207811388,32.66981103905694,119.89820651333896
217,11,10x10,"Thijme, Jessica, Joshua, Sam",Thijme,Joshua,All,37.797.238,26.834.799,Broadleaf,20,Curved,0.48,7.0,15.278874536821952,73.15788411328091,14.631576822656184,87.7894609359371,63.647359178554396,31.823679589277198,116.79290409264732
218,12,10x10,"Thijme, Jessica, Joshua, Sam",Thijme,Jessica,All,37.796.968,26.834.751,Broadleaf,1,,0.39,8.5,12.414085561167838,58.95675044490354,11.791350088980709,70.74810053388426,51.29237288706609,25.646186443533043,94.12150424776627
219,12,10x10,"Thijme, Jessica, Joshua, Sam",Thijme,Jessica,All,37.796.968,26.834.751,Broadleaf,2,,0.36,8.0,11.459155902616464,47.5314280552589,9.50628561105178,57.03771366631068,41.352342408075245,20.676171204037622,75.88154831881808
220,12,10x10,"Thijme, Jessica, Joshua, Sam",Thijme,Jessica,All,37.796.968,26.834.751,Broadleaf,3,Curved,0.36,8.0,11.459155902616464,47.5314280552589,9.50628561105178,57.03771366631068,41.352342408075245,20.676171204037622,75.88154831881808
221,12,10x10,"Thijme, Jessica, Joshua, Sam",Thijme,Jessica,All,37.796.968,26.834.751,Broadleaf,4,,0.33,7.5,10.504226244065093,37.65837341600111,7.531674683200222,45.190048099201334,32.762784871920964,16.381392435960482,60.119710239974964
222,12,10x10,"Thijme, Jessica, Joshua, Sam",Thijme,Jessica,All,37.796.968,26.834.751,Broadleaf,5,Curved,0.4,7.0,12.732395447351626,51.250646003342325,10.250129200668466,61.50077520401079,44.58806202290782,22.29403101145391,81.81909381203585
223,12,10x10,"Thijme, Jessica, Joshua, Sam",Thijme,Jessica,All,37.796.968,26.834.751,Broadleaf,6,Dead,0.31,5.5,9.867606471697512,24.62603912540076,4.925207825080152,29.55124695048091,21.42465403909866,10.71232701954933,39.314240161746035
224,12,10x10,"Thijme, Jessica, Joshua, Sam",Thijme,Jessica,All,37.796.968,26.834.751,Broadleaf,7,,0.43,7.5,13.687325105903,63.13246871393325,12.62649374278665,75.7589624567199,54.925247781121925,27.462623890560963,100.78782967835873
225,12,10x10,"Thijme, Jessica, Joshua, Sam",Thijme,Jessica,All,37.796.968,26.834.751,Broadleaf,8,,0.42,7.0,13.369015219719207,56.37166413729015,11.274332827458032,67.64599696474818,49.04334779944243,24.521673899721215,89.99454321197686
226,12,10x10,"Thijme, Jessica, Joshua, Sam",Thijme,Jessica,All,37.796.968,26.834.751,Broadleaf,9,Dead,0.32,4.0,10.185916357881302,19.201089105927473,3.8402178211854947,23.041306927112966,16.7049475221569,8.35247376107845,30.653578703157912
227,12,10x10,"Thijme, Jessica, Joshua, Sam",Thijme,Jessica,All,37.796.968,26.834.751,Broadleaf,10,,0.65,8.5,20.690142601946395,159.80203203777705,31.96040640755541,191.76243844533246,139.02776787286604,69.51388393643302,255.11595404670916
228,12,10x10,"Thijme, Jessica, Joshua, Sam",Thijme,Jessica,All,37.796.968,26.834.751,Broadleaf,11,,0.33,7.0,10.504226244065093,35.20606216718732,7.041212433437464,42.247274600624785,30.629274085452966,15.314637042726483,56.20471794680619
229,12,10x10,"Thijme, Jessica, Joshua, Sam",Thijme,Jessica,All,37.796.968,26.834.751,Broadleaf,12,,0.44,7.0,14.00563499208679,61.73022577508402,12.346045155016805,74.07627093010083,53.7052964243231,26.85264821216155,98.54921893863289
230,12,10x10,"Thijme, Jessica, Joshua, Sam",Thijme,Jessica,All,37.796.968,26.834.751,Broadleaf,13,,0.56,7.5,17.82535362629228,105.7268700781886,21.14537401563772,126.87224409382631,91.98237696802407,45.991188484012035,168.78766173632417
231,12,10x10,"Thijme, Jessica, Joshua, Sam",Thijme,Jessica,All,37.796.968,26.834.751,Broadleaf,14,,0.36,6.0,11.459155902616464,35.89555360490021,7.1791107209800415,43.07466432588025,31.22913163626318,15.61456581813159,57.305456552542935
232,12,10x10,"Thijme, Jessica, Joshua, Sam",Thijme,Jessica,All,37.796.968,26.834.751,Broadleaf,15,,0.5,8.0,15.915494309189535,90.25428490423555,18.05085698084711,108.30514188508266,78.52122786668492,39.26061393334246,144.08645313536684
233,12,10x10,"Thijme, Jessica, Joshua, Sam",Thijme,Jessica,All,37.796.968,26.834.751,Broadleaf,16,,0.56,8.5,17.82535362629228,119.46438564312017,23.892877128624036,143.35726277174422,103.93401550951455,51.967007754757276,190.7189184599592
234,12,10x10,"Thijme, Jessica, Joshua, Sam",Thijme,Jessica,All,37.796.968,26.834.751,Broadleaf,17,,0.53,8.5,16.87042396774091,107.2906614611326,21.458132292226523,128.7487937533591,93.34287547118535,46.671437735592676,171.2841764896251
235,12,10x10,"Thijme, Jessica, Joshua, Sam",Thijme,Jessica,All,37.796.968,26.834.751,Broadleaf,18,Curved,0.53,7.5,16.87042396774091,94.95303360778088,18.990606721556176,113.94364032933706,82.60913923876936,41.30456961938468,151.58777050314177
236,12,10x10,"Thijme, Jessica, Joshua, Sam",Thijme,Jessica,All,37.796.968,26.834.751,Broadleaf,19,,0.58,8.0,18.461973398659858,120.58403843396798,24.116807686793596,144.70084612076158,104.90811343755215,52.45405671877607,192.5063881579082
237,12,10x10,"Thijme, Jessica, Joshua, Sam",Thijme,Jessica,All,37.796.968,26.834.751,Broadleaf,20,,0.35,7.5,11.140846016432674,42.24187328638055,8.44837465727611,50.690247943656665,36.75042975915108,18.37521487957554,67.43703860804223
238,12,10x10,"Thijme, Jessica, Joshua, Sam",Thijme,Jessica,All,37.796.968,26.834.751,Broadleaf,21,,0.44,7.5,14.00563499208679,66.03010249350739,13.206020498701477,79.23612299220886,57.44618916935142,28.72309458467571,105.41375712575986
